{
  "name": "plan-rewardbench-test",
  "dataset": "wyy1112/Plan-RewardBench",
  "dataset_split": "train",
  "split": "test",
  "seed": 42,
  "difficulty_proxy": "turns + chars/2000 + 0.5*tools + 0.25*tool_events",
  "difficulty_bins_per_bucket": 4,
  "created_at": "2026-04-29T18:14:59.830519+00:00",
  "n_pairs": 176,
  "bucket_counts": {
    "irrelevance_unavailable": 43,
    "planning_multi_easy": 16,
    "planning_multi_hard": 9,
    "planning_robustness": 52,
    "planning_single_easy": 24,
    "planning_single_hard": 24,
    "refusal": 8
  },
  "bucket_difficulty": {
    "irrelevance_unavailable": {
      "min": 2.9055,
      "mean": 6.035011627906976,
      "max": 27.235500000000002
    },
    "planning_multi_easy": {
      "min": 12.017,
      "mean": 21.17728125,
      "max": 27.688000000000002
    },
    "planning_multi_hard": {
      "min": 19.992,
      "mean": 34.23038888888889,
      "max": 53.691500000000005
    },
    "planning_robustness": {
      "min": 9.379,
      "mean": 28.825009615384616,
      "max": 76.31649999999999
    },
    "planning_single_easy": {
      "min": 3.4405,
      "mean": 14.352020833333334,
      "max": 32.535
    },
    "planning_single_hard": {
      "min": 11.030000000000001,
      "mean": 20.5585625,
      "max": 35.189
    },
    "refusal": {
      "min": 3.8905000000000003,
      "mean": 13.0868125,
      "max": 32.8065
    }
  },
  "pair_ids": [
    "irrelevance_unavailable__0dc577e2-a92f-509a-83e2-4e67ece3bc31__922",
    "irrelevance_unavailable__1c56b714-d3ab-5d32-89b4-60ca24aeb74f__934",
    "irrelevance_unavailable__22ebb194-0b50-51cf-a5c0-2c49bd92bea1__938",
    "irrelevance_unavailable__2a0e7091-7469-5a1e-b906-26d83c5e10c6__946",
    "irrelevance_unavailable__34ba009a-0cbe-5d32-850c-3c91f64705e1__958",
    "irrelevance_unavailable__3a0ba350-8c7b-5188-a62f-f902d7434ea3__967",
    "irrelevance_unavailable__44b74374-207c-5d36-b1be-f87397077d1d__975",
    "irrelevance_unavailable__49fbdbb8-815b-5370-a955-c791527f5939__980",
    "irrelevance_unavailable__567f3558-be6d-5eec-a0c1-8d08dbea81a0__990",
    "irrelevance_unavailable__59e492e6-a6df-5cd9-952f-c24e1986416d__994",
    "irrelevance_unavailable__5d91eb22-64cf-561d-8efc-10c92ecf2639__995",
    "irrelevance_unavailable__65ea4cb2-6a80-5e57-8345-0df39345e5b5__1001",
    "irrelevance_unavailable__65efb40b-d678-50a2-ab52-b4aea8cadc23__1003",
    "irrelevance_unavailable__6a6477e2-d58d-5bfe-a11d-aafa24abdce7__1011",
    "irrelevance_unavailable__6f584665-379e-5c5d-8a5b-0319b7a96b5a__1019",
    "irrelevance_unavailable__73a3b1d0-a023-516f-b7f1-6de83577165b__1021",
    "irrelevance_unavailable__746f0b3a-2f8f-5e30-aa00-3de91abfc0ed__1022",
    "irrelevance_unavailable__753d2bae-b0a5-54da-9b11-cc2dacdf919b__1027",
    "irrelevance_unavailable__7878ac70-565b-511e-963a-2dcb66eccd46__1028",
    "irrelevance_unavailable__7ada5cff-b0df-5362-95ab-42f16ce8339a__1029",
    "irrelevance_unavailable__7d71927b-b768-52db-bf60-13f2350ddf60__1030",
    "irrelevance_unavailable__81a16ad2-61ff-5cd7-a97b-aeba2e4ecf0f__1038",
    "irrelevance_unavailable__83dc9d5c-0fe4-5adb-846f-a9decad4c47c__1040",
    "irrelevance_unavailable__8408b9d1-17b7-5726-a38f-02877c047f45__1043",
    "irrelevance_unavailable__8c352dd8-d0a6-5026-a1ab-70e9d2ca955b__1052",
    "irrelevance_unavailable__9388a7f5-9f74-5793-a808-6f827a0a9edc__1055",
    "irrelevance_unavailable__959d6e30-31fb-50d1-81e5-3abee43628cf__1060",
    "irrelevance_unavailable__a0684638-97ac-5956-aec5-f5eca88d8751__1064",
    "irrelevance_unavailable__a10f665c-980d-5abd-8af2-2606655a797d__1066",
    "irrelevance_unavailable__aca99003-6f3b-5888-b363-8ab4fa1a218d__1073",
    "irrelevance_unavailable__ad7afd11-5093-5b15-a66e-4d0298bdc5f1__1078",
    "irrelevance_unavailable__b0bcc42e-f1b5-53b3-b34c-c56ef69c82d7__1083",
    "irrelevance_unavailable__b38ab91c-ccbc-5e81-b795-d18a29c6c5fa__1088",
    "irrelevance_unavailable__c1ed1e7b-4831-5245-89c1-6bcea69ca90f__1098",
    "irrelevance_unavailable__cdde0298-a991-5639-aa20-c4ce8d6043e8__1107",
    "irrelevance_unavailable__cdde0298-a991-5639-aa20-c4ce8d6043e8__1108",
    "irrelevance_unavailable__d601226e-b1bb-5332-b4a7-2750cba24612__1120",
    "irrelevance_unavailable__d85fd4fc-d041-5547-822b-6fdfef60d7d1__1122",
    "irrelevance_unavailable__e1549178-cd22-59c6-8530-20e8a4241402__1126",
    "irrelevance_unavailable__e3b5c98c-2fe1-5f71-89da-cee12421fc1d__1128",
    "irrelevance_unavailable__e7c5755f-63f6-5b41-b27d-79578c79c428__1135",
    "irrelevance_unavailable__e903058b-3527-554a-b415-47f8616969f0__1144",
    "irrelevance_unavailable__ef83af85-8903-50b5-9457-22871523cf8f__1150",
    "planning_multi_easy__0033761a-ef3e-548f-8ad2-8d7cbd03e994__0",
    "planning_multi_easy__0033761a-ef3e-548f-8ad2-8d7cbd03e994__1",
    "planning_multi_easy__1b63bc78-3913-5a7e-99af-b42fc375647b__20",
    "planning_multi_easy__1b63bc78-3913-5a7e-99af-b42fc375647b__21",
    "planning_multi_easy__1beda52e-402c-56e7-a1fe-5bb9ac2d2407__23",
    "planning_multi_easy__388207e2-0cb9-5346-af8c-ef5eea60c20a__32",
    "planning_multi_easy__662b8ac6-647a-5446-9426-e34a193e49c7__50",
    "planning_multi_easy__681ef3e3-d88d-5fc8-924a-b78a09a75357__52",
    "planning_multi_easy__714a14d4-8e98-5473-b597-2fa49e626c6e__56",
    "planning_multi_easy__8a5b8b8a-407d-5153-a200-af5a69afaca4__62",
    "planning_multi_easy__92006234-788b-5a32-8500-d8c2c67bf476__68",
    "planning_multi_easy__a87647d4-3cf9-5c26-bdc7-7f28847a7f2e__74",
    "planning_multi_easy__d101c791-8916-5b3b-8d24-a49926689743__82",
    "planning_multi_easy__d101c791-8916-5b3b-8d24-a49926689743__85",
    "planning_multi_easy__f78e9872-e9c9-549c-bd9c-94674a51adbe__104",
    "planning_multi_easy__f7dc6cfb-a886-5648-b78d-f77bf4d262cf__105",
    "planning_multi_hard__110b43ce-9e38-5abd-be54-28254085de09__114",
    "planning_multi_hard__37aa9db7-403b-5bd0-bd0e-fc6b476c3ffb__120",
    "planning_multi_hard__525cf331-060b-5691-8132-040ab34b030f__129",
    "planning_multi_hard__5d86128d-50a9-5ccc-9164-bd8a637ee3f4__135",
    "planning_multi_hard__695d5859-41e3-58fd-8362-3c2638a796b3__141",
    "planning_multi_hard__88463ee2-e1ea-5226-a32c-345bc5e89985__148",
    "planning_multi_hard__9d88148a-4307-5259-b697-73e727c7410c__151",
    "planning_multi_hard__acdb514b-776e-52dd-a72c-31e865572bc3__153",
    "planning_multi_hard__fe0124fa-57bb-5906-b1db-61719e7c88d4__178",
    "planning_robustness__0f30c88a-be78-5d0e-99c4-6a4cb502539b__497",
    "planning_robustness__125473e3-4eb2-5a1a-8a21-70e5cd36b3ee__500",
    "planning_robustness__194e474c-12e3-59e5-bda2-061701c1450e__517",
    "planning_robustness__1961bec9-39b1-5d25-9d9b-de97d8e6e8f2__520",
    "planning_robustness__28d6fcd4-2ab2-5c87-b358-5fc1848599ed__529",
    "planning_robustness__28d6fcd4-2ab2-5c87-b358-5fc1848599ed__531",
    "planning_robustness__31c4e395-1269-5055-a91b-8910399f434f__539",
    "planning_robustness__34e631b1-b983-54c4-ac6d-afa191c75703__554",
    "planning_robustness__350fee9b-62d0-536f-8d2e-0b237525dba0__558",
    "planning_robustness__3536a398-4a8c-5067-920c-da947fc44bb4__559",
    "planning_robustness__357493a1-2537-5c53-8086-156c86f52622__563",
    "planning_robustness__394498ea-6ba8-5bd8-9191-ee0a21d7b6ff__571",
    "planning_robustness__40711a05-ea98-547b-a1ab-dc389cee2381__582",
    "planning_robustness__4bbdd17d-4432-5182-9039-9151e6518f5d__602",
    "planning_robustness__4d0a3a0a-f69f-5bbb-92e1-7b028b03f0b9__606",
    "planning_robustness__6112fa52-4f3f-5b32-8390-f9b6a709ff24__617",
    "planning_robustness__61cb7344-ef1f-506d-ae4d-75357c354658__624",
    "planning_robustness__686bd8de-b73d-5257-9d60-7cdfc6ddb51a__635",
    "planning_robustness__6c64aa1f-a584-59e0-86c5-1dbce423fcda__641",
    "planning_robustness__6c71b6b0-1d6d-50da-899e-6f41fcda9515__643",
    "planning_robustness__732ef6ca-7174-5bf7-a88f-b1e132d292a5__655",
    "planning_robustness__8bb72454-a745-500b-b02f-9a09b06f5802__676",
    "planning_robustness__950792e2-0231-59d6-bc95-0fecefa2d61d__689",
