{
  "name": "plan-rewardbench-val",
  "dataset": "wyy1112/Plan-RewardBench",
  "dataset_split": "train",
  "split": "val",
  "seed": 42,
  "difficulty_proxy": "turns + chars/2000 + 0.5*tools + 0.25*tool_events",
  "difficulty_bins_per_bucket": 4,
  "created_at": "2026-04-29T18:14:59.829834+00:00",
  "n_pairs": 176,
  "bucket_counts": {
    "irrelevance_unavailable": 40,
    "planning_multi_easy": 16,
    "planning_multi_hard": 12,
    "planning_robustness": 56,
    "planning_single_easy": 20,
    "planning_single_hard": 24,
    "refusal": 8
  },
  "bucket_difficulty": {
    "irrelevance_unavailable": {
      "min": 2.802,
      "mean": 6.5650875,
      "max": 27.4085
    },
    "planning_multi_easy": {
      "min": 13.5185,
      "mean": 22.94509375,
      "max": 52.3405
    },
    "planning_multi_hard": {
      "min": 25.9785,
      "mean": 36.12975,
      "max": 51.986000000000004
    },
    "planning_robustness": {
      "min": 9.675,
      "mean": 28.753562499999997,
      "max": 82.223
    },
    "planning_single_easy": {
      "min": 9.619,
      "mean": 15.02485,
      "max": 25.5935
    },
    "planning_single_hard": {
      "min": 7.056,
      "mean": 20.452916666666667,
      "max": 42.6755
    },
    "refusal": {
      "min": 3.2025,
      "mean": 12.3230625,
      "max": 27.489
    }
  },
  "pair_ids": [
    "irrelevance_unavailable__01ba3099-127e-57c7-88ec-cc5d9879b5bc__896",
    "irrelevance_unavailable__01c4ea2a-8f46-5fb4-9488-0b8e6b149a2e__898",
    "irrelevance_unavailable__020a69d9-c04d-5b06-b6b6-a54535148094__899",
    "irrelevance_unavailable__03735e59-a78f-5b17-97ff-5231c967e046__904",
    "irrelevance_unavailable__04aafbd0-b21f-5cd1-b296-c825f7f80f4e__907",
    "irrelevance_unavailable__07646c9c-e60b-5538-9336-df3acc625b1a__910",
    "irrelevance_unavailable__0882d81f-d7f7-537c-b176-f319bc1f6f6b__912",
    "irrelevance_unavailable__0a6e0784-f948-5bde-a115-f36de5ab243e__914",
    "irrelevance_unavailable__0dc577e2-a92f-509a-83e2-4e67ece3bc31__921",
    "irrelevance_unavailable__116fa074-055b-53bd-b6a1-0633383e51bb__925",
    "irrelevance_unavailable__257bbe56-1a67-5da0-afb1-23bce7da2057__943",
    "irrelevance_unavailable__2f7fe60d-dea2-5e1a-a56f-d9def3339ef2__953",
    "irrelevance_unavailable__49b90dc5-095a-575a-b00b-f4365548f0a9__979",
    "irrelevance_unavailable__5256e405-fe68-55b3-b9b0-fa9402df9585__983",
    "irrelevance_unavailable__66e612bf-f31a-5ea4-bdd9-25d10f455221__1004",
    "irrelevance_unavailable__74e11e4e-6c41-54ed-82a1-bff5b377a556__1025",
    "irrelevance_unavailable__753d2bae-b0a5-54da-9b11-cc2dacdf919b__1026",
    "irrelevance_unavailable__7ed27c7f-2af5-506d-8ced-2217d6a6b921__1037",
    "irrelevance_unavailable__83dc9d5c-0fe4-5adb-846f-a9decad4c47c__1041",
    "irrelevance_unavailable__8408b9d1-17b7-5726-a38f-02877c047f45__1045",
    "irrelevance_unavailable__a728d670-fc3a-5d5b-9c19-16f538e1ea54__1069",
    "irrelevance_unavailable__ad089f7f-cf38-5cf9-83ac-8b1cc0bf2b12__1074",
    "irrelevance_unavailable__ad089f7f-cf38-5cf9-83ac-8b1cc0bf2b12__1075",
    "irrelevance_unavailable__ad089f7f-cf38-5cf9-83ac-8b1cc0bf2b12__1076",
    "irrelevance_unavailable__ad7afd11-5093-5b15-a66e-4d0298bdc5f1__1077",
    "irrelevance_unavailable__ad7afd11-5093-5b15-a66e-4d0298bdc5f1__1079",
    "irrelevance_unavailable__af13496d-11ba-5fd8-9088-a19b4b904238__1080",
    "irrelevance_unavailable__b546243d-f433-5850-be96-0d077c2cdf10__1089",
    "irrelevance_unavailable__ba342b80-d65b-5dc6-a43e-1a49ff17ab53__1090",
    "irrelevance_unavailable__c43faba5-ec78-566d-9fe6-aa6ed1e3a822__1102",
    "irrelevance_unavailable__d566a34d-248d-52a9-9192-2863db727b07__1117",
    "irrelevance_unavailable__df20abf5-3836-5c86-ae2b-f3c175a7dd57__1123",
    "irrelevance_unavailable__e89b3835-843e-5635-8c5e-489feaa4758c__1142",
    "irrelevance_unavailable__e903058b-3527-554a-b415-47f8616969f0__1145",
    "irrelevance_unavailable__ecf98eed-1114-5630-9e3c-f3532526457d__1148",
    "irrelevance_unavailable__ef83af85-8903-50b5-9457-22871523cf8f__1151",
    "irrelevance_unavailable__f37f779e-b066-5189-b7a0-2ae3c5c4f504__1154",
    "irrelevance_unavailable__f479c020-1b58-57ff-8709-87336daf3c27__1160",
    "irrelevance_unavailable__f6d98a2f-30a3-5cad-a30c-7604bb34b55e__1162",
    "irrelevance_unavailable__f6d98a2f-30a3-5cad-a30c-7604bb34b55e__1163",
    "planning_multi_easy__0033761a-ef3e-548f-8ad2-8d7cbd03e994__2",
    "planning_multi_easy__059d3667-8d70-5815-a45c-5f855d9db0a7__4",
    "planning_multi_easy__0957663d-a748-5931-9d2e-35c24980b6c6__9",
    "planning_multi_easy__0d319c92-b39a-516a-8129-4b44e39cc579__14",
    "planning_multi_easy__29b808ca-de37-5117-b138-27a2668267c0__26",
    "planning_multi_easy__29b808ca-de37-5117-b138-27a2668267c0__27",
    "planning_multi_easy__388207e2-0cb9-5346-af8c-ef5eea60c20a__33",
    "planning_multi_easy__3c6cfb94-8ca6-5fa3-acf3-b9e482bdb995__38",
    "planning_multi_easy__662b8ac6-647a-5446-9426-e34a193e49c7__49",
    "planning_multi_easy__681ef3e3-d88d-5fc8-924a-b78a09a75357__53",
    "planning_multi_easy__714a14d4-8e98-5473-b597-2fa49e626c6e__57",
    "planning_multi_easy__a87647d4-3cf9-5c26-bdc7-7f28847a7f2e__75",
    "planning_multi_easy__cff5dbc2-df47-51b1-a2e4-e8441cf929a4__81",
    "planning_multi_easy__e93ae260-00ca-5f61-b341-5e8bb0ed8d64__90",
    "planning_multi_easy__e93ae260-00ca-5f61-b341-5e8bb0ed8d64__91",
    "planning_multi_easy__eb21f3f6-8305-511c-9ca3-0bc8a624c96d__93",
    "planning_multi_hard__47c651d5-4e3e-55a0-b3b0-c5a48cd99292__128",
    "planning_multi_hard__5986a63c-9b55-5b0a-8c3c-8dc58413dd74__131",
    "planning_multi_hard__5c669e9b-8b35-5bff-b5f8-7c34447030a1__133",
    "planning_multi_hard__5e846b70-f8c3-5b5a-96b0-588f6431fe38__136",
    "planning_multi_hard__7aa08ae2-0bb2-57f2-bd6b-7394741f749a__143",
    "planning_multi_hard__7ec7294e-4cc8-54f7-a439-bb36cf27dfd2__145",
    "planning_multi_hard__88463ee2-e1ea-5226-a32c-345bc5e89985__149",
    "planning_multi_hard__9d88148a-4307-5259-b697-73e727c7410c__152",
    "planning_multi_hard__b974449a-1f4a-54bb-a0c1-cba47be9ca7b__155",
    "planning_multi_hard__baf7ab30-bd00-5ee0-a0c7-4bebd74565c1__157",
    "planning_multi_hard__cee65cc7-d801-593f-8be2-615111437945__162",
    "planning_multi_hard__ff114baa-d662-56d5-b1c0-d6b7e18a6005__181",
    "planning_robustness__09aa946c-453f-5975-a99f-e3e1c6dc3021__487",
    "planning_robustness__0c30c024-29ca-5a67-8b48-2ec1b1b8ee5b__493",
    "planning_robustness__0f30c88a-be78-5d0e-99c4-6a4cb502539b__498",
    "planning_robustness__14049e9b-32cd-5ab8-8449-c6030552aa26__502",
    "planning_robustness__1811a401-af8f-5ee9-90a2-71f1a871c312__514",
    "planning_robustness__194e474c-12e3-59e5-bda2-061701c1450e__518",
    "planning_robustness__194e474c-12e3-59e5-bda2-061701c1450e__519",
    "planning_robustness__31360abc-99bb-5ef6-b2ee-9b7309ecb7f4__536",
    "planning_robustness__329c5c3a-6b16-52c0-ad0d-6a1a0f216645__543",
    "planning_robustness__341cc9ba-a7e8-51f0-b927-cf01ff4f2f43__545",
    "planning_robustness__3536a398-4a8c-5067-920c-da947fc44bb4__561",
    "planning_robustness__373dd005-84ab-5c80-bf11-8719b9e20409__567",
    "planning_robustness__394498ea-6ba8-5bd8-9191-ee0a21d7b6ff__572",
    "planning_robustness__39fe7e01-de62-5514-bd04-7e5742e8d113__576",
    "planning_robustness__444fc3d9-af23-59dd-b9b3-2292e5860d44__586",
    "planning_robustness__444fc3d9-af23-59dd-b9b3-2292e5860d44__588",
    "planning_robustness__4549b74c-e150-59d2-b951-1030940a7b8d__589",
    "planning_robustness__494dcc11-6af3-5ae2-8b6c-46e07a18b54a__595",
    "planning_robustness__494dcc11-6af3-5ae2-8b6c-46e07a18b54a__597",
    "planning_robustness__4eccd800-71c6-570d-813c-ca90e2d087e7__607",
    "planning_robustness__53778798-5f3d-5f66-8b7a-c71a77c7e8a3__610",
    "planning_robustness__53778798-5f3d-5f66-8b7a-c71a77c7e8a3__611",
    "planning_robustness__54b12d8c-6722-5c2b-98b1-2ae729ad4b48__614",
    "planning_robustness__6112fa52-4f3f-5b32-8390-f9b6a709ff24__616",
