{
  "name": "plan-rewardbench-search-panel-25",
  "dataset": "wyy1112/Plan-RewardBench",
  "dataset_split": "train",
  "split": "search-panel-25",
  "seed": 42,
  "grouping": "normalized_query_with_uuid_fallback",
  "n_groups": 64,
  "group_key_hashes": [
    "04782b14ea08960d",
    "07b1b21225b5af75",
    "08a7387bc548aa87",
    "0e9e80d686b36509",
    "0ff70cbd52025a62",
    "201da4766a401384",
    "20f56cfc46d3fcdc",
    "230763c7d6e34c96",
    "2e54b37eab3512c4",
    "30a568c326ddf333",
    "32c91fdb50b8716a",
    "353ea576a96fb915",
    "3898ff999559d36d",
    "3b898dd718599f5f",
    "411c8853dc654864",
    "4604b5e68fbe4cbf",
    "464e9ff9c4af73c0",
    "46a89fad5fc97ede",
    "492e9c381df9f1dd",
    "4c30ab55ef7d3c9c",
    "4ea65794ecc0ec38",
    "5267e59b1b09c1f9",
    "53a20da289939eac",
    "543ff5b1470e757a",
    "5c549d58ce92263f",
    "5cfbce4241caa473",
    "5f37cd995a341f93",
    "684ea3bdcd663c60",
    "6c52a67b7e9f7157",
    "731564cead59a115",
    "77df639e1e63ccb8",
    "979c9ffd6f3551ac",
    "9b0407cae032c1e8",
    "9b15a54da9327b7a",
    "9b645bb2272eedd7",
    "9ef1b22054ace4aa",
    "a045ab15c20019bb",
    "a0f247cddec1a386",
    "a1131ea666d39761",
    "a22a002aff0f3156",
    "a25d62e11c8d430d",
    "a4a2cb3a1503ef2a",
    "a7fe94905e077de2",
    "aaa4e0be1ab7b818",
    "aead422bf68d201c",
    "af32dcd6dacfc7db",
    "af5680958e411fc2",
    "b17a657bc018238e",
    "b221476a17ec4217",
    "b3d6df0d84446590",
    "be549be07050c6fe",
    "c28a137ff9e4e6ac",
    "c331ba0e0861fc46",
    "c52f566875f00ad8",
    "ce4cb732d8bbb1ba",
    "db05916548757652",
    "dd5d1ef9c10c61ff",
    "e0151ec63ac4949d",
    "e0d8a7a5bf0e734c",
    "e9c4624462c86434",
    "e9e52741cafb235e",
    "ef1d8e83717b2f1a",
    "f0b3d40b36a31493",
    "f3ead75a0bc738eb"
  ],
  "difficulty_proxy": "turns + chars/2000 + 0.5*tools + 0.25*tool_events",
  "difficulty_bins_per_bucket": 3,
  "created_at": "2026-05-01T23:46:49.036306+00:00",
  "n_pairs": 68,
  "bucket_counts": {
    "irrelevance_unavailable": 10,
    "planning_multi_easy": 10,
    "planning_multi_hard": 10,
    "planning_robustness": 10,
    "planning_single_easy": 10,
    "planning_single_hard": 10,
    "refusal": 8
  },
  "bucket_difficulty": {
    "irrelevance_unavailable": {
      "min": 3.4815,
      "mean": 5.42865,
      "max": 9.9345
    },
    "planning_multi_easy": {
      "min": 16.061,
      "mean": 21.981,
      "max": 26.3435
    },
    "planning_multi_hard": {
      "min": 19.992,
      "mean": 40.6662,
      "max": 96.373
    },
    "planning_robustness": {
      "min": 9.379,
      "mean": 27.460649999999998,
      "max": 50.207499999999996
    },
    "planning_single_easy": {
      "min": 9.461500000000001,
      "mean": 13.44405,
      "max": 23.749499999999998
    },
    "planning_single_hard": {
      "min": 11.030000000000001,
      "mean": 20.8351,
      "max": 30.828
    },
    "refusal": {
      "min": 3.6805000000000003,
      "mean": 14.954125,
      "max": 25.531
    }
  },
  "pair_ids": [
    "irrelevance_unavailable__01ba3099-127e-57c7-88ec-cc5d9879b5bc__896",
    "irrelevance_unavailable__3e6e8676-323c-5d48-986d-2dc6915c5721__972",
    "irrelevance_unavailable__7d71927b-b768-52db-bf60-13f2350ddf60__1031",
    "irrelevance_unavailable__94cbc9ed-4150-5155-be9b-af3755ac92a7__1059",
    "irrelevance_unavailable__a0684638-97ac-5956-aec5-f5eca88d8751__1063",
    "irrelevance_unavailable__c1c5a968-5f8e-5b9f-af7f-f49712ba3e5b__1096",
    "irrelevance_unavailable__c1ed1e7b-4831-5245-89c1-6bcea69ca90f__1099",
    "irrelevance_unavailable__d566a34d-248d-52a9-9192-2863db727b07__1117",
    "irrelevance_unavailable__e903058b-3527-554a-b415-47f8616969f0__1144",
    "irrelevance_unavailable__f4575b8b-7089-5c96-b144-c7c04ca58e86__1158",
    "planning_multi_easy__0033761a-ef3e-548f-8ad2-8d7cbd03e994__2",
    "planning_multi_easy__0d319c92-b39a-516a-8129-4b44e39cc579__14",
    "planning_multi_easy__17e3162f-e9a2-55d4-83fe-c66096d35638__17",
    "planning_multi_easy__3c6cfb94-8ca6-5fa3-acf3-b9e482bdb995__37",
    "planning_multi_easy__3c9d2ea6-8e79-51a2-88a6-904223fdf0ab__40",
    "planning_multi_easy__470c0737-19b1-5d63-a41f-371cf84f4a8f__44",
    "planning_multi_easy__6e9753a6-a86c-5512-8483-e227195b376a__54",
    "planning_multi_easy__8c704f57-b790-5985-aee0-ab440f886bc3__67",
    "planning_multi_easy__d101c791-8916-5b3b-8d24-a49926689743__82",
    "planning_multi_easy__f78e9872-e9c9-549c-bd9c-94674a51adbe__104",
    "planning_multi_hard__110b43ce-9e38-5abd-be54-28254085de09__114",
    "planning_multi_hard__6303a8d8-213e-5fcf-86d4-f290f8fc8958__140",
    "planning_multi_hard__9d88148a-4307-5259-b697-73e727c7410c__151",
    "planning_multi_hard__cee65cc7-d801-593f-8be2-615111437945__163",
    "planning_multi_hard__e9d12d7b-e231-5764-89c1-61520fe3b1be__168",
    "planning_multi_hard__eb2cb1ed-e6da-5dea-93dc-1ce22211b390__169",
    "planning_multi_hard__eb2cb1ed-e6da-5dea-93dc-1ce22211b390__171",
    "planning_multi_hard__eb2cb1ed-e6da-5dea-93dc-1ce22211b390__172",
    "planning_multi_hard__f664f41f-e198-5cca-95df-1bffa7e60c57__174",
    "planning_multi_hard__ff114baa-d662-56d5-b1c0-d6b7e18a6005__181",
    "planning_robustness__194e474c-12e3-59e5-bda2-061701c1450e__517",
    "planning_robustness__1baa6f82-9627-5fdc-8971-0310d18203ec__525",
    "planning_robustness__3536a398-4a8c-5067-920c-da947fc44bb4__561",
    "planning_robustness__373dd005-84ab-5c80-bf11-8719b9e20409__567",
    "planning_robustness__61cb7344-ef1f-506d-ae4d-75357c354658__623",
    "planning_robustness__686bd8de-b73d-5257-9d60-7cdfc6ddb51a__635",
    "planning_robustness__a95ee236-98de-5b74-a865-df764c81c5fb__700",
    "planning_robustness__cf41dbd2-6b05-5579-b69a-50c0c3c1c465__755",
    "planning_robustness__d4f2483a-f6cc-525b-8928-f9ed5fa1243d__774",
    "planning_robustness__f38116e1-d680-5262-a87c-965732b064db__835",
    "planning_single_easy__0a0be5f2-b9b4-5f60-9c4d-a7df2ee9c933__184",
    "planning_single_easy__39cec7bc-b70f-57a7-8599-1b56fab61ce7__220",
    "planning_single_easy__63329920-d160-5718-a6ad-29aa53c2229d__236",
    "planning_single_easy__71fa988f-7b98-59d9-ac1f-542f9e3e2281__245",
    "planning_single_easy__a2e91bec-5b1b-5bc3-a4aa-ef8b2ec9ad51__266",
    "planning_single_easy__a380d8b5-80c6-5179-92b5-dac7b79a9118__269",
    "planning_single_easy__a653c37e-b746-5c4b-81a8-12923acbca4e__271",
    "planning_single_easy__bfb9f8ff-d687-5d22-8331-bf19197f59b0__284",
    "planning_single_easy__d9473d3e-82cc-5bc2-bf10-7aca1d082773__304",
    "planning_single_easy__f572e4eb-9843-5e3d-9e1d-00882473e504__324",
    "planning_single_hard__14e94fdb-4cff-5fc2-b050-85de82a0f932__336",
    "planning_single_hard__1db38da0-dac7-5c1f-93de-71eebb8f9f3e__349",
    "planning_single_hard__1db38da0-dac7-5c1f-93de-71eebb8f9f3e__350",
    "planning_single_hard__1ded41a9-a225-5cf2-b4bf-c368ebbac0af__352",
    "planning_single_hard__37703dc8-dacf-5838-89b0-66e5fcaf8779__371",
    "planning_single_hard__3810c3ff-e0d8-5cce-b98b-dd68be517a54__372",
    "planning_single_hard__3810c3ff-e0d8-5cce-b98b-dd68be517a54__373",
    "planning_single_hard__63b125df-68f3-51cf-9fe1-86c4be20e4c8__403",
    "planning_single_hard__6c0829a9-3296-575d-bf2b-ced111f5242d__407",
    "planning_single_hard__ca687459-e1ed-5780-b94f-a0e27099f7a9__453",
    "refusal__2af6a4c9-1d21-5431-8061-c97bb57e46e6__856",
    "refusal__31e5da05-d9fe-5c3d-bb01-6f110880e945__850",
    "refusal__3deb94a7-41b6-5b01-9a36-b441385618be__876",
    "refusal__6877b426-57a5-500c-82ef-5fce17e03de5__862",
    "refusal__7e31593d-8dca-5563-a662-a7c357e4217d__849",
    "refusal__8e42e127-27d5-5b95-a7ff-73e3940efd05__851",
    "refusal__95b0672c-c35f-53c9-9dc4-3ad523ad7481__866",
    "refusal__a5c4226a-d0fe-5948-b0fd-5f1bb1fe249f__884"
  ],
  "source_manifest": "benchmarks/plan_rewardbench/data/plan_rb_grouped_search_panel.json",
  "selection": "fixed stratified subset: 25% per bucket from search-panel"
}
